eq_id,category,manufacturer,model,sw_version,serial_asset,location,purpose,manual_url_or_location,competency_required,training_module,responsible_dept,last_curriculum_review
EQ-LAB-001,hematology analyzer,IDEXX,[CVAH-SPECIFIC INPUT REQUIRED],,,lab,CBC,,TS-LID-101,LID-M4,lab,
EQ-LAB-002,chemistry analyzer,IDEXX,[CVAH-SPECIFIC INPUT REQUIRED],,,lab,chemistry,,TS-LID-101,LID-M4,lab,
EQ-LAB-003,urine sediment analyzer,IDEXX,[CVAH-SPECIFIC INPUT REQUIRED],,,lab,UA,,TS-LID-101,LID-M4,lab,
EQ-LAB-004,VetLab Station,IDEXX,[CVAH-SPECIFIC INPUT REQUIRED],,,lab,result hub,,TS-LID-101,LID-M4,lab,
EQ-LAB-005,centrifuge,[INPUT REQUIRED],,,,lab,separation,,TS-LAB-003,W3-04,lab,
EQ-LAB-006,microscope,[INPUT REQUIRED],,,,lab,microscopy,,TS-LID-103,LID-M3,lab,
EQ-LAB-007,refractometer,[INPUT REQUIRED],,,,lab,TS/USG,,TS-LAB-002,W3-04,lab,
EQ-ANE-001,anesthesia machine,[INPUT REQUIRED],,,,OR,anesthesia,,TS-ANE-101,ANE-M2,surgery,
EQ-ANE-002,multiparameter monitor,[INPUT REQUIRED],,,,OR,monitoring,,TS-ANE-102,ANE-M3,surgery,
EQ-IMG-001,radiography system,[INPUT REQUIRED],,,,imaging,radiographs,,TS-IMG-001,IMG-M1,imaging,
EQ-IMG-002,dental radiography,[INPUT REQUIRED],,,,dental,dental rads,,TS-DEN-101,DEN-M3,dental,
EQ-IMG-003,ultrasound,[INPUT REQUIRED],,,,imaging,ultrasound,,TS-IMG-102,IMG-M5,imaging,
EQ-FLU-001,infusion pumps,[INPUT REQUIRED],,,,treatment,fluids,,TS-FLU-002,W4-05,treatment,
EQ-FLU-002,syringe pumps,[INPUT REQUIRED],,,,treatment,precision infusion,,TS-FLU-002,W4-05,treatment,
EQ-DEN-001,dental delivery unit,[INPUT REQUIRED],,,,dental,dental procedures,,TS-DEN-102,DEN-M4,dental,
EQ-SUR-001,autoclave,[INPUT REQUIRED],,,,surgery,sterilization,,TS-SUR-002,W5-04,surgery,
EQ-EMR-001,crash cart,house-assembled,,,,treatment,emergency,,TS-EMR-001,W6-04,treatment,
