"Parent framework","Competency ID number","Competency name","Description","Scale"
"CVAH-VAU","","CVAH VA University Skills","Passport skills framework","passport-14"
"CVAH-VAU","TS-HND-001","Safe approach and low-stress handling","school:Core level:VA1 scope:P supervision:S2","passport-14"
"CVAH-VAU","TS-HND-002","Carrier handling and cat extraction","school:Core level:VA1 scope:P supervision:S2","passport-14"
"CVAH-VAU","TS-HND-003","Muzzle application (canine)","school:Core level:VA1 scope:P supervision:S2","passport-14"
"CVAH-VAU","TS-HND-004","Towel techniques (feline)","school:Core level:VA1 scope:P supervision:S2","passport-14"
"CVAH-VAU","TS-HND-005","Escape prevention and patient transport","school:Core level:VA1 scope:P supervision:S2","passport-14"
"CVAH-VAU","TS-RES-001","Lateral restraint","school:Core level:VA1 scope:P supervision:S2","passport-14"
"CVAH-VAU","TS-RES-002","Sternal and standing restraint","school:Core level:VA1 scope:P supervision:S2","passport-14"
"CVAH-VAU","TS-RES-003","Venipuncture positioning (cephalic/jugular/saphenous holds)","school:Core level:VA1 scope:P supervision:S2","passport-14"
"CVAH-VAU","TS-RES-004","Fractious-patient awareness and restraint limits","school:Core level:VA1 scope:P supervision:S1","passport-14"
"CVAH-VAU","TS-ASM-001","TPR acquisition and documentation","school:Core level:VA1 scope:P supervision:S2","passport-14"
"CVAH-VAU","TS-ASM-002","Mucous membranes CRT and pulse quality","school:Core level:VA1 scope:P supervision:S2","passport-14"
"CVAH-VAU","TS-ASM-003","Body weight and body condition observation","school:Core level:VA1 scope:P supervision:S2","passport-14"
"CVAH-VAU","TS-ASM-004","Pain and mentation observation and reporting","school:Core level:VA1 scope:P supervision:S2","passport-14"
"CVAH-VAU","TS-ASM-005","Hydration observation","school:Core level:VA2 scope:P supervision:S2","passport-14"
"CVAH-VAU","TS-SAN-001","Cleaning disinfection and room turnover","school:Core level:VA1 scope:P supervision:S2","passport-14"
"CVAH-VAU","TS-SAN-002","Isolation entry/exit and PPE","school:Core level:VA1 scope:P supervision:S2","passport-14"
"CVAH-VAU","TS-DOC-001","Basic medical-record documentation","school:Core level:VA1 scope:P supervision:S2","passport-14"
"CVAH-VAU","TS-COM-001","SBAR-V abnormal-finding report","school:Core level:VA1 scope:P supervision:S2","passport-14"
"CVAH-VAU","TS-VEN-CEPH-001","Cephalic venipuncture","school:Core level:VA2 scope:P supervision:S2","passport-14"
"CVAH-VAU","TS-VEN-SAPH-001","Lateral/medial saphenous venipuncture","school:Core level:VA2 scope:P supervision:S2","passport-14"
"CVAH-VAU","TS-VEN-JUG-001","Jugular venipuncture","school:Core level:VA3 scope:P supervision:S1_then_S2","passport-14"
"CVAH-VAU","TS-IVC-CEPH-001","Cephalic IV catheter placement","school:Core level:VA2 scope:P/HP supervision:S1_then_S2","passport-14"
"CVAH-VAU","TS-IVC-002","IV catheter maintenance monitoring and removal","school:Core level:VA2 scope:P supervision:S2","passport-14"
"CVAH-VAU","TS-INJ-SQ-001","Subcutaneous injection","school:Core level:VA2 scope:P supervision:S2","passport-14"
"CVAH-VAU","TS-INJ-IM-001","Intramuscular injection","school:Core level:VA2 scope:P supervision:S1_then_S2","passport-14"
"CVAH-VAU","TS-MED-001","Medication preparation and five-rights verification","school:Core level:VA2 scope:P supervision:S2","passport-14"
"CVAH-VAU","TS-MED-PO-001","Oral topical ophthalmic and otic administration","school:Core level:VA1 scope:P supervision:S2","passport-14"
"CVAH-VAU","TS-SAM-001","Blood tube selection filling mixing and labeling","school:Core level:VA2 scope:P supervision:S2","passport-14"
"CVAH-VAU","TS-SAM-002","Urine and fecal sample handling","school:Core level:VA2 scope:P supervision:S2","passport-14"
"CVAH-VAU","TS-SAM-003","Cytology sample preparation (ear/skin)","school:Core level:VA2 scope:P supervision:S2","passport-14"
"CVAH-VAU","TS-SAM-004","Reference-lab packaging and storage","school:Core level:VA2 scope:P supervision:S2","passport-14"
"CVAH-VAU","TS-LAB-001","Blood smear preparation","school:Core level:VA2 scope:P supervision:S2","passport-14"
"CVAH-VAU","TS-LAB-002","PCV/TS measurement","school:Core level:VA2 scope:P supervision:S2","passport-14"
"CVAH-VAU","TS-LAB-003","Centrifuge operation and serum separation","school:Core level:VA2 scope:P supervision:S2","passport-14"
"CVAH-VAU","TS-FLU-001","Fluid line setup priming and bag changes","school:Core level:VA2 scope:P supervision:S2","passport-14"
"CVAH-VAU","TS-FLU-002","Infusion and syringe pump operation","school:Core level:VA2 scope:P supervision:S2","passport-14"
"CVAH-VAU","TS-FLU-003","Line monitoring infiltration detection and patency","school:Core level:VA2 scope:P supervision:S2","passport-14"
"CVAH-VAU","TS-SUR-PREP-001","Surgical clip and initial skin prep","school:Core level:VA2 scope:P supervision:S2","passport-14"
"CVAH-VAU","TS-SUR-STER-001","Opening sterile supplies and pack handling","school:Core level:VA2 scope:P supervision:S2","passport-14"
"CVAH-VAU","TS-SUR-002","Autoclave loading and sterility indicators","school:Core level:VA2 scope:P supervision:S2","passport-14"
"CVAH-VAU","TS-SUR-003","Recovery-area preparation and patient warming","school:Core level:VA2 scope:P supervision:S2","passport-14"
"CVAH-VAU","TS-IMG-001","Radiographic positioning (thorax/abdomen laterals and VD)","school:Core+Imaging level:VA2 scope:P supervision:S2","passport-14"
"CVAH-VAU","TS-EMR-001","Crash-cart readiness check and CPR support roles","school:Core level:VA2 scope:P supervision:S1","passport-14"
"CVAH-VAU","TS-INP-001","Inpatient scheduled observations and treatment-sheet execution","school:Core level:VA2 scope:P supervision:S2","passport-14"
"CVAH-VAU","TS-PRO-001","Nail trim","school:Core level:VA2 scope:P supervision:S2","passport-14"
"CVAH-VAU","TS-PRO-002","Ear cleaning assistance","school:Core level:VA2 scope:P supervision:S2","passport-14"
"CVAH-VAU","TS-PRO-003","Bandage and wound-care assistance","school:Core level:VA2 scope:A/P supervision:S2","passport-14"
"CVAH-VAU","TS-PRO-004","Anal-gland procedure assistance","school:Core level:VA2 scope:A supervision:S2","passport-14"
"CVAH-VAU","TS-PRO-005","Oxygen and nebulization equipment setup","school:Core level:VA2 scope:P supervision:S2","passport-14"
"CVAH-VAU","TS-ANE-101","Anesthesia machine check and leak test","school:Anesthesia level:VA3 scope:P supervision:S1","passport-14"
"CVAH-VAU","TS-ANE-102","Multiparameter monitor setup and lead placement","school:Anesthesia level:VA3 scope:P supervision:S2","passport-14"
"CVAH-VAU","TS-ANE-103","Anesthetic monitoring support and record keeping","school:Anesthesia level:VA3 scope:P supervision:S1","passport-14"
"CVAH-VAU","TS-ANE-104","Capnograph and SpO2 waveform artifact recognition","school:Anesthesia level:VA3 scope:P supervision:S1","passport-14"
"CVAH-VAU","TS-ANE-105","ET tube cuff check suction and airway equipment prep","school:Anesthesia level:VA3 scope:P supervision:S1","passport-14"
"CVAH-VAU","TS-ANE-106","Recovery monitoring and extubation-readiness observation","school:Anesthesia level:VA3 scope:P supervision:S1","passport-14"
"CVAH-VAU","TS-ANE-107","Gowning gloving assistance and sterile instrument passing","school:Anesthesia level:VA3 scope:P supervision:S1","passport-14"
"CVAH-VAU","TS-LID-101","IDEXX analyzer operation (per installed model)","school:Laboratory level:VA2+ scope:P supervision:S2","passport-14"
"CVAH-VAU","TS-LID-102","Analyzer QC and maintenance (per installed model)","school:Laboratory level:VA2+ scope:P supervision:S2","passport-14"
"CVAH-VAU","TS-LID-103","Microscopy setup and specimen scanning support","school:Laboratory level:VA2+ scope:P supervision:S2","passport-14"
"CVAH-VAU","TS-DEN-101","Dental radiographic positioning (full-mouth series)","school:Dentistry level:VA2+ scope:P supervision:S2","passport-14"
"CVAH-VAU","TS-DEN-102","Dental unit setup maintenance and instrument care","school:Dentistry level:VA2+ scope:P supervision:S2","passport-14"
"CVAH-VAU","TS-DEN-103","Dental charting assistance and tooth numbering","school:Dentistry level:VA2+ scope:A/P supervision:S2","passport-14"
"CVAH-VAU","TS-DEN-104","Anesthetized dental patient positioning airway protection support","school:Dentistry level:VA2+ scope:P supervision:S1","passport-14"
"CVAH-VAU","TS-IMG-101","Orthopedic and spinal positioning series","school:Imaging level:VA2+ scope:P supervision:S2","passport-14"
"CVAH-VAU","TS-IMG-102","Ultrasound patient prep and procedure assistance","school:Imaging level:VA2+ scope:A/P supervision:S2","passport-14"
"CVAH-VAU","TS-IMG-103","ECG acquisition","school:Imaging level:VA2+ scope:P supervision:S2","passport-14"
"CVAH-VAU","TS-ECC-101","Triage support and primary survey observations","school:ECC level:VA2+ scope:P supervision:S1","passport-14"
"CVAH-VAU","TS-ECC-102","CPR BLS performance per RECOVER (compressions/ventilation support)","school:ECC level:VA2+ scope:P supervision:S1","passport-14"
"CVAH-VAU","TS-ECC-103","Emergency equipment deployment (oxygen suction crash cart)","school:ECC level:VA2+ scope:P supervision:S1","passport-14"
"CVAH-VAU","TS-INP-101","ICU-level monitoring and trend recording","school:Inpatient level:VA2+ scope:P supervision:S1","passport-14"
"CVAH-VAU","TS-INP-102","Recumbent-patient care turning and pressure-injury prevention","school:Inpatient level:VA2+ scope:P supervision:S2","passport-14"
"CVAH-VAU","TS-INP-103","Structured shift handoff","school:Inpatient level:VA2+ scope:P supervision:S2","passport-14"
"CVAH-VAU","TS-PHA-101","Prescription filling counting and labeling per DVM order","school:Pharmacy level:VA2+ scope:P supervision:S2","passport-14"
"CVAH-VAU","TS-PHA-102","Controlled-substance logging per hospital procedure","school:Pharmacy level:VA2+ scope:HP supervision:S2","passport-14"
"CVAH-VAU","TS-PHA-103","Medication calculations (dose concentration dilution)","school:Pharmacy level:VA2+ scope:P supervision:S2","passport-14"
